<?xml version="1.0" encoding="UTF-8"?>
<facephi-widget-conf version="1.3"
    border_width="4.0"
    border_color_tip="#ff3366"
    background_color_tip="#ff33664c"
    border_color_capture="#ffffff"
    border_color_success="#ffffff"
    background_color_success="#24B12A99"
    border_color_error="#ffffff"
    background_color_error="#d4760099"
    swap_exit_info_positions="true"
    camera_scale="ASPECT_FILL"
    >

    <view id="CaptureIDFront">

        <gradientBackground id="background"
        colorStart="#00000033"
        colorEnd="#00000033"
        xStart="0.333" yStart="0.200"
        xEnd="0.750" yEnd="1.166"
        />

        <panel id="IDPanel"
        color="#ff33664c"
        />

        <frameID id="frame"
        color="#ff3366"
        />


        <gradientPanel id="infoPanel"
        colorStart="#ffffff"
        colorEnd="#ffffff"
        xStart="0.333" yStart="0.200"
        xEnd="0.750" yEnd="1.166"
        />

        <labeledIcon id="infoCaptureFront"
        icon="IDIconSMFront.png"
        icon_align="LEFT"
        separation="16.0"
        text="CaptureInfoFront"
        text_color="#665F59"
        text_align="LEFT"
        font="Bree-Regular.otf"
        font_size="20.0"
        line_height="22.0"
        />

        <buttonImage id="buttonExit" 
            value="cross-light.png"
            x="16" y="16"
            ax="RIGHT" ay="TOP"
            aw="RIGHT" ah="TOP"
        />

        <image id="logo" 
            value="logoSelphIDLight.png"
            x="0" y="32"
            ax="CENTER" ay="TOP"
            aw="CENTER" ah="TOP"
        />
    </view>


    <view id="CaptureIDFrontSuccess">

        <gradientBackground id="background"
        colorStart="#00000033"
        colorEnd="#00000033"
        xStart="0.333" yStart="0.200"
        xEnd="0.750" yEnd="1.166"
        />

        <documentImage id="lastDocumentImage"/>

        <panel id="IDPanel"
        color="#24B12A99"
        />

        <frameID id="frame"
        color="#ffffff"
        />

        <labeledIcon id="successCaptureFront"
        icon="checkIcon.png"
        icon_align="LEFT"
        separation="16.0"
        text="CaptureSuccessFront"
        text_color="#ffffff"
        text_align="LEFT"
        font="Bree-Regular.otf"
        font_size="24.0"
        line_height="26.0"
        />

        <gradientPanel id="infoPanel"
        colorStart="#24B12A"
        colorEnd="#24B12A"
        xStart="0.333" yStart="0.200"
        xEnd="0.750" yEnd="1.166"
        />

        <labeledIcon id="infoCaptureFront"
        icon="IDIconSMFrontGreen.png"
        icon_align="LEFT"
        separation="16.0"
        text="CaptureInfoFrontSuccess"
        text_color="#ffffff"
        text_align="LEFT"
        font="Bree-Regular.otf"
        font_size="20.0"
        line_height="22.0"
        />

        <buttonImage id="buttonExit" 
            value="cross-light.png"
            x="16" y="16"
            ax="RIGHT" ay="TOP"
            aw="RIGHT" ah="TOP"
        />

        <image id="logo" 
            value="logoSelphIDLight.png"
            x="0" y="32"
            ax="CENTER" ay="TOP"
            aw="CENTER" ah="TOP"
        />

        <flash id="flash"
        color="#ffffffcc"
        delay="0.0"
        duration="0.2"
        />

    </view>


    <view id="CaptureIDFrontError">

         <gradientBackground id="background"
        colorStart="#00000033"
        colorEnd="#00000033"
        xStart="0.333" yStart="0.200"
        xEnd="0.750" yEnd="1.166"
        />

        <flash id="flash"
        color="#ff763933"
        delay="0.1"
        duration="0.3"
        />

        <panel id="IDPanel"
        color="#d4760099"
        />

        <frameID id="frame"
        color="#ffffff"
        />

        <labeledIcon id="errorCaptureFront"
        icon="errorIcon.png"
        icon_align="LEFT"
        separation="16.0"
        text="CaptureError"
        text_color="#ffffff"
        text_align="LEFT"
        font="Bree-Regular.otf"
        font_size="20.0"
        line_height="26.0"
        />

        <gradientPanel id="infoPanel"
        colorStart="#ffffff"
        colorEnd="#ffffff"
        xStart="0.333" yStart="0.200"
        xEnd="0.750" yEnd="1.166"
        />

        <labeledIcon id="infoCaptureFront"
        icon="IDIconSMFront.png"
        icon_align="LEFT"
        separation="16.0"
        text="CaptureInfoFront"
        text_color="#000000"
        text_align="LEFT"
        font="Bree-Regular.otf"
        font_size="20.0"
        line_height="22.0"
        />

        <buttonImage id="buttonExit" 
            value="cross-light.png"
            x="16" y="16"
            ax="RIGHT" ay="TOP"
            aw="RIGHT" ah="TOP"
        />

        <image id="logo" 
            value="logoSelphIDLight.png"
            x="0" y="32"
            ax="CENTER" ay="TOP"
            aw="CENTER" ah="TOP"
        />

    </view>



    <view id="CaptureOtherSideTransition">
        
        <gradientBackground id="background"
        colorStart="#1c113580"
        colorEnd="#c0c0c080"
        xStart="0.333" yStart="0.200"
        xEnd="0.750" yEnd="1.166"
        />

        <documentImage id="lastDocumentImage"/>

        <frameID id="frame"
        color="#ffffff"
        />

        <!-- <buttonImage id="buttonInfo" value="info-light.png"/> -->
        <buttonImage id="buttonExit" 
            value="cross-light.png"
            x="16" y="16"
            ax="RIGHT" ay="TOP"
            aw="RIGHT" ah="TOP"
        />

        <image id="logo" 
            value="logoSelphIDLight.png"
            x="0" y="32"
            ax="CENTER" ay="TOP"
            aw="CENTER" ah="TOP"
        />

    </view>


    <view id="CaptureIDBack">

        <gradientBackground id="background"
        colorStart="#00000033"
        colorEnd="#00000033"
        xStart="0.333" yStart="0.200"
        xEnd="0.750" yEnd="1.166"
        />

        <panel id="IDPanel"
        color="#ff33664c"
        />

        <frameID id="frame"
        color="#ff3366"
        />

        

        <gradientPanel id="infoPanel"
        colorStart="#ffffff"
        colorEnd="#ffffff"
        xStart="0.333" yStart="0.200"
        xEnd="0.750" yEnd="1.166"
        />

        <labeledIcon id="infoCaptureBack"
        icon="IDIconSMBack.png"
        icon_align="LEFT"
        separation="16.0"
        text="CaptureInfoBack"
        text_color="#665F59"
        text_align="LEFT"
        font="Bree-Regular.otf"
        font_size="20.0"
        line_height="22.0"
        />

        <buttonImage id="buttonExit" 
            value="cross-light.png"
            x="16" y="16"
            ax="RIGHT" ay="TOP"
            aw="RIGHT" ah="TOP"
        />

        <image id="logo" 
            value="logoSelphIDLight.png"
            x="0" y="32"
            ax="CENTER" ay="TOP"
            aw="CENTER" ah="TOP"
        />

    </view>

    <view id="CaptureIDBackSuccess">

        <gradientBackground id="background"
        colorStart="#00000033"
        colorEnd="#00000033"
        xStart="0.333" yStart="0.200"
        xEnd="0.750" yEnd="1.166"
        />

        <documentImage id="lastDocumentImage"/>

        <panel id="IDPanel"
        color="#24B12A99"
        />

        <frameID id="frame"
        color="#ffffff"
        />

        <labeledIcon id="successCaptureBack"
        icon="checkIcon.png"
        icon_align="LEFT"
        separation="16.0"
        text="CaptureSuccessBack"
        text_color="#ffffff"
        text_align="LEFT"
        font="Bree-Regular.otf"
        font_size="20.0"
        line_height="26.0"
        />

        <gradientPanel id="infoPanel"
        colorStart="#24B12A"
        colorEnd="#24B12A"
        xStart="0.333" yStart="0.200"
        xEnd="0.750" yEnd="1.166"
        />

        <labeledIcon id="infoCaptureBack"
        icon="IDIconSMBackGreen.png"
        icon_align="LEFT"
        separation="16.0"
        text="CaptureInfoBackSuccess"
        text_color="#ffffff"
        text_align="LEFT"
        font="Bree-Regular.otf"
        font_size="20.0"
        line_height="22.0"
        />

        <buttonImage id="buttonExit" 
            value="cross-light.png"
            x="16" y="16"
            ax="RIGHT" ay="TOP"
            aw="RIGHT" ah="TOP"
        />

        <image id="logo" 
            value="logoSelphIDLight.png"
            x="0" y="32"
            ax="CENTER" ay="TOP"
            aw="CENTER" ah="TOP"
        />

        <flash id="flash"
        color="#ffffffcc"
        delay="0.0"
        duration="0.2"
        />

    </view>


    <view id="CaptureIDBackError">

        <gradientBackground id="background"
        colorStart="#00000033"
        colorEnd="#00000033"
        xStart="0.333" yStart="0.200"
        xEnd="0.750" yEnd="1.166"
        />

        <flash id="flash"
        color="#ff763933"
        delay="0.1"
        duration="0.3"
        />

        <panel id="IDPanel"
        color="#d4760099"
        />

        <frameID id="frame"
        color="#ffffff"
        />

        <labeledIcon id="errorCaptureBack"
        icon="errorIcon.png"
        icon_align="LEFT"
        separation="16.0"
        text="CaptureError"
        text_color="#ffffff"
        text_align="LEFT"
        font="Bree-Regular.otf"
        font_size="20.0"
        line_height="26.0"
        />

        <gradientPanel id="infoPanel"
        colorStart="#ffffff"
        colorEnd="#ffffff"
        xStart="0.333" yStart="0.200"
        xEnd="0.750" yEnd="1.166"
        />

        <labeledIcon id="infoCaptureBack"
        icon="IDIconSMBack.png"
        icon_align="LEFT"
        separation="16.0"
        text="CaptureInfoBack"
        text_color="#000000"
        text_align="LEFT"
        font="Bree-Regular.otf"
        font_size="20.0"
        line_height="22.0"
        />

        <!-- <buttonImage id="buttonInfo" value="info-light.png"/> -->
        <buttonImage id="buttonExit" 
            value="cross-light.png"
            x="16" y="16"
            ax="RIGHT" ay="TOP"
            aw="RIGHT" ah="TOP"
        />

        <image id="logo" 
            value="logoSelphIDLight.png"
            x="0" y="32"
            ax="CENTER" ay="TOP"
            aw="CENTER" ah="TOP"
        />

    </view>

    <view id="ShowID">
        <background id="background"
        color="#ffffff"
        />
       
        <documentImage id="lastDocumentImage"/>

        <frameID id="frame"
        color="#E6E8F0"
        />
        
        <text id="tip"
        color="#1D2C4D"
        font="Poppins-Regular.ttf"
        font_size="20.0"
        />

        <button id="buttonRetry"
        background="#FFFFFF"
        decorator="#526080"
        foreground="#7636FC"
        content="button_repeat"
        content_type="TEXT_ID"
        font="Poppins-SemiBold.ttf"
        font_size="16.0"
        align="CENTER"
        radius="500.0"
        type="FLAT_WITH_BORDER"
        x="0" y="126"
        w="0.8"
        h="56"
        ax="CENTER" ay="BOTTOM"
        aw="CENTER" ah="BOTTOM"
        />
        
        <button id="buttonAccept"
        background="#7636FC"
        decorator="#7636FC"
        foreground="#FFFFFF"
        content="button_finish"
        content_type="TEXT_ID"
        font="Poppins-SemiBold.ttf"
        font_size="16.0"
        align="CENTER"
        radius="500.0"
        type="FLAT_WITH_BORDER"
        x="0" y="50"
        w="0.8"
        h="56"
        ax="CENTER" ay="BOTTOM"
        aw="CENTER" ah="BOTTOM"
        />
        
        <buttonImage id="buttonInfo" 
            value=""
            x="16" y="16"
            ax="RIGHT" ay="TOP"
            aw="RIGHT" ah="TOP"
        />
        <buttonImage id="buttonExit" 
            value="exit-dark.png"
            x="16" y="16"
            ax="LEFT" ay="TOP"
            aw="LEFT" ah="TOP"
        />

        <image id="logo" 
            value="logoSelphIDDark.png"
            x="0" y="32"
            ax="CENTER" ay="TOP"
            aw="CENTER" ah="TOP"
        />
    </view>

    <view id="InfoTutorial">

        <background id="back"
        color="#000000"
        />

        <gradientBackground id="background"
        colorStart="#29318399"
        colorEnd="#C0C0C099"
        xStart="0.333" yStart="0.200"
        xEnd="0.750" yEnd="1.166"
        />

        <panel id="IDPanel"
        color="#7636FC99"
        />

        <frameID id="frame"
        color="#7636FC"
        />

        <buttonImage id="buttonExit" value="exit-light.png"/>

        <image id="logo" value="logoSelphIDLight.png"/>

        <background id="infoBackground"
        color="#00000066"
        />
        
        <buttonImage id="buttonInfo" value="info-light.png"/>

        <button id="buttonAccept"
        background="#7636FC"
        foreground="#FFFFFF"
        content="button_finish"
        content_type="TEXT_ID"
        font="Poppins-SemiBold.ttf"
        font_size="16.0"
        align="CENTER"
        />

    </view>


    <view id="Tutorial1">
        <background id="background"
        color="#ffffff"
        />

        <video id="tip_video" value="01_tut_contraste.mp4"/>

        <imageBackground id="imageBackground"
        image="background.png"
        scale="SCALE_FILL"
        />

        <text id="tip"
        color="#1D2C4D"
        font="Poppins-Regular.ttf"
        font_size="20.0"
        />

        <button id="buttonBack"
        background="#00000000"
        foreground="#7636FC"
        content="button_skip"
        content_type="TEXT_ID"
        font="Poppins-SemiBold.ttf"
        font_size="16.0"
        align="RIGHT"
        w="0"
        />
        
        <button id="buttonNext"
        background="#00000000"
        foreground="#ffffff"
        content="arrow-next-dark.png"
        content_type="RESOURCE_ID"
        align="LEFT"
        />        

        <pagination id="pagination" steps="3"
        page="1"
        image_on="paged-on-dark.png"
        image_off="paged-off-dark.png"
        separation="23.0"
        />

        <buttonImage id="buttonExit" 
            value="exit-dark.png"
            x="16" y="16"
            ax="LEFT" ay="TOP"
            aw="LEFT" ah="TOP"
        />

        <image id="logo" value="logoSelphIDDark.png"/>   
    </view>

    <view id="Tutorial2">
        <background id="background"
        color="#ffffff"
        />

        <video id="tip_video" value="02_tut_captura.mp4"/>
        
        <imageBackground id="imageBackground"
        image="background.png"
        scale="SCALE_FILL"
        />

        <text id="tip"
        color="#1D2C4D"
        font="Poppins-Regular.ttf"
        font_size="20.0"
        />

        <button id="buttonBack"
        background="#00000000"
        foreground="#ffffff"
        content="arrow-back-dark.png"
        content_type="RESOURCE_ID"
        align="RIGHT"
        />
        
        <button id="buttonNext"
        background="#00000000"
        foreground="#ffffff"
        content="arrow-next-dark.png"
        content_type="RESOURCE_ID"
        align="LEFT"
        />        

        <pagination id="pagination" steps="3"
        page="2"
        image_on="paged-on-dark.png"
        image_off="paged-off-dark.png"
        separation="23.0"
        />

        <buttonImage id="buttonExit" 
            value="exit-dark.png"
            x="16" y="16"
            ax="LEFT" ay="TOP"
            aw="LEFT" ah="TOP"
        />

        <image id="logo" value="logoSelphIDDark.png"/>   
    </view>

    <view id="Tutorial3">
        <background id="background"
        color="#ffffff"
        />

        <video id="tip_video" value="03_tut_luz.mp4"/>
        
        <imageBackground id="imageBackground"
        image="background.png"
        scale="SCALE_FILL"
        />
        
        <text id="tip"
        color="#1D2C4D"
        font="Poppins-Regular.ttf"
        font_size="20.0"
        />

        <button id="buttonBack"
        background="#00000000"
        foreground="#ffffff"
        content="arrow-back-dark.png"
        content_type="RESOURCE_ID"
        align="RIGHT"
        />
        
        <button id="buttonNext"
        background="#00000000"
        foreground="#7636FC"
        content="button_ready"
        content_type="TEXT_ID"
        font="Poppins-SemiBold.ttf"
        font_size="16.0"
        align="LEFT"
        w="0"
        />      

        <pagination id="pagination" steps="3"
        page="3"
        image_on="paged-on-dark.png"
        image_off="paged-off-dark.png"
        separation="23.0"
        />

        <buttonImage id="buttonExit" 
            value="exit-dark.png"
            x="16" y="16"
            ax="LEFT" ay="TOP"
            aw="LEFT" ah="TOP"
        />

        <image id="logo" value="logoSelphIDDark.png"/>   
    </view>
    <view id="Tutorial1_PP">
        <background id="background"
        color="#ffffff"
        />

        <video id="tip_video" value="01_tut_contraste.mp4"/>

        <imageBackground id="imageBackground"
        image="background.png"
        scale="SCALE_FILL"
        />

        <text id="tip"
        color="#1D2C4D"
        font="Poppins-Regular.ttf"
        font_size="20.0"
        />

        <button id="buttonBack"
        background="#00000000"
        foreground="#ffffff"
        content="button_skip"
        content_type="TEXT_ID"
        font="Poppins-SemiBold.ttf"
        font_size="16.0"
        align="RIGHT"
        w="0"
        />
        
        <button id="buttonNext"
        background="#00000000"
        foreground="#ffffff"
        content="arrow-next-dark.png"
        content_type="RESOURCE_ID"
        align="LEFT"
        />        

        <pagination id="pagination" steps="3"
        page="1"
        image_on="paged-on-dark.png"
        image_off="paged-off-dark.png"
        separation="23.0"
        />

        <buttonImage id="buttonExit" 
            value="exit-dark.png"
            x="16" y="16"
            ax="LEFT" ay="TOP"
            aw="LEFT" ah="TOP"
        />

        <image id="logo" value="logoSelphIDDark.png"/>   
    </view>

    <view id="Tutorial2_PP">
        <background id="background"
        color="#ffffff"
        />

        <video id="tip_video" value="02_tut_captura.mp4"/>

        <imageBackground id="imageBackground"
        image="background.png"
        scale="SCALE_FILL"
        />
        
        <text id="tip"
        color="#1D2C4D"
        font="Poppins-Regular.ttf"
        font_size="20.0"
        />

        <button id="buttonBack"
        background="#00000000"
        foreground="#ffffff"
        content="arrow-back-dark.png"
        content_type="RESOURCE_ID"
        align="RIGHT"
        />
        
        <button id="buttonNext"
        background="#00000000"
        foreground="#ffffff"
        content="arrow-next-dark.png"
        content_type="RESOURCE_ID"
        align="LEFT"
        />        

        <pagination id="pagination" steps="3"
        page="2"
        image_on="paged-on-dark.png"
        image_off="paged-off-dark.png"
        separation="23.0"
        />

        <buttonImage id="buttonExit" 
            value="exit-dark.png"
            x="16" y="16"
            ax="LEFT" ay="TOP"
            aw="LEFT" ah="TOP"
        />

        <image id="logo" value="logoSelphIDDark.png"/>   
    </view>

    <view id="Tutorial3_PP">
        <background id="background"
        color="#ffffff"
        />

        <video id="tip_video" value="03_tut_luz.mp4"/>

        <imageBackground id="imageBackground"
        image="background.png"
        scale="SCALE_FILL"
        />
        
        <text id="tip"
        color="#1D2C4D"
        font="Poppins-Regular.ttf"
        font_size="20.0"
        />

        <button id="buttonBack"
        background="#00000000"
        foreground="#ffffff"
        content="arrow-back-dark.png"
        content_type="RESOURCE_ID"
        align="RIGHT"
        />
        
        <button id="buttonNext"
        background="#00000000"
        foreground="#ffffff"
        content="button_ready"
        content_type="TEXT_ID"
        font="Poppins-SemiBold.ttf"
        font_size="16.0"
        align="LEFT"
        w="0"
        />      

        <pagination id="pagination" steps="3"
        page="3"
        image_on="paged-on-dark.png"
        image_off="paged-off-dark.png"
        separation="23.0"
        />

        <buttonImage id="buttonExit" 
            value="exit-dark.png"
            x="16" y="16"
            ax="LEFT" ay="TOP"
            aw="LEFT" ah="TOP"
        />

        <image id="logo" value="logoSelphIDDark.png"/>   
    </view>


</facephi-widget-conf>

