<?xml version="1.0" encoding="UTF-8"?>
<translations>
    <token id="button_repeat">INTENTAR DE NUEVO</token>
    <token id="button_finish">ACEPTAR</token>
    <token id="button_skip">OMITIR</token>
    <token id="button_ready">LISTO</token>
    <token id="CaptureTipFront">Muestra el lado de&#10;ADELANTE de tu DNI</token>
    <token id="CaptureInfoFront">Muestra el lado de&#10;ADELANTE de tu DNI</token>
    <token id="CaptureTipFrontID">Parte FRONTAL</token>
    <token id="CaptureInfoFrontSuccess">¡Captura realizada!</token>
    <token id="CaptureInfoBackSuccess">¡Captura realizada!</token>
    <token id="CaptureInfoFrontID">Muestra el lado de&#10;ADELANTE de tu DNI</token>
    <token id="CaptureInfoFrontIDCard">Muestra el lado de&#10;ADELANTE de tu DNI</token>
    <token id="CaptureTipFrontPP">Parte FRONTAL</token>
    <token id="CaptureInfoFrontPP">Pon el PASAPORTE&#10;dentro del recuadro</token>
    <token id="CaptureTipFrontDL">Parte FRONTAL</token>
    <token id="CaptureInfoFrontDL">Pon el FRENTE&#10;del carnet de conducir</token>
    <token id="CaptureTipBack">Muestra el lado de&#10;ATRÁS de tu DNI</token>
    <token id="CaptureInfoBack">Muestra el lado de&#10;ATRÁS de tu DNI</token>
    <token id="CaptureTipBackID">Parte DORSAL</token>
    <token id="CaptureInfoBackID">Pon el REVERSO&#10;del documento</token>
    <token id="CaptureTipBackPP">Parte DORSAL</token>
    <token id="CaptureInfoBackPP">Pon el PASAPORTE&#10;dentro del recuadro</token>
    <token id="CaptureTipBackDL">Parte DORSAL</token>
    <token id="CaptureInfoBackDL">Pon el REVERSO&#10;del carnet de conducir</token>
    <token id="CaptureSuccessFront">¡Listo!</token>
    <token id="CaptureSuccessBack">¡Listo!</token>
    <token id="CaptureError">Por favor, espere...</token>
    <token id="CaptureErrorLight">No hay&#10;suficiente luz</token>
    <token id="ShowIDInfo">¿Todos los datos se leen&#10;de forma clara y nítida?</token>
    <token id="Tutorial1">Busca un fondo&#10;con buen contraste</token>
    <token id="Tutorial2">Coloca el documento&#10;dentro del recuadro</token>
    <token id="Tutorial3">Evita brillos que dificulten&#10;la lectura del documento</token>
    <token id="Tutorial1_PP">Busca un fondo&#10;con buen contraste</token>
    <token id="Tutorial2_PP">Coloca el pasaporte&#10;dentro del recuadro</token>
    <token id="Tutorial3_PP">Evita brillos que dificulten&#10;la lectura del pasaporte</token>
    <token id="timeout_no_front_document">No se ha detectado el frente del documento. Asegúrese de colocar el documento en el recuadro de captura</token>
    <token id="timeout_uncertain_front_document">Parece que el frente del documento no es el esperado o existen brillos o sombras que dificultan la clasificación del mismo</token>
    <token id="timeout_unclear_front_document">No se ha podido leer el frente del documento con éxito. Asegúrese de que la imagen es nítida y de que los datos del documento se leen con claridad</token>
    <token id="timeout_no_back_document">No se ha detectado el reverso del documento. Asegúrese de colocar el documento en el recuadro de captura</token>
    <token id="timeout_uncertain_back_document">Parece que el reverso del documento no es el esperado o existen brillos o sombras que dificultan la clasificación del mismo</token>
    <token id="timeout_unclear_back_document">No se ha podido leer el reverso del documento con éxito. Asegúrese de que la imagen es nítida y de que los datos del documento se leen con claridad</token>
    <token id="timeout_no_user_activity">Se ha superado el tiempo máximo de espera</token>
</translations>
